{
  "project_info": {
    "project_number": "626028978306",
    "firebase_url": "https://logintest-3c3c3.firebaseio.com",
    "project_id": "logintest-3c3c3",
    "storage_bucket": "logintest-3c3c3.appspot.com"
  },
  "client": [
    {
      "client_info": {
        "mobilesdk_app_id": "1:626028978306:android:7c7152d4aa504a0fe7949b",
        "android_client_info": {
          "package_name": "com.example.logintest"
        }
      },
      "oauth_client": [
        {
          "client_id": "626028978306-4bumaoj7s0lr7nm4dgrtrsa2qj5s8v2o.apps.googleusercontent.com",
          "client_type": 3
        }
      ],
      "api_key": [
        {
          "current_key": "AIzaSyDyafnGmhduTDmjeCskPc0ykS8BoxoXrK0"
        }
      ],
      "services": {
        "appinvite_service": {
          "other_platform_oauth_client": [
            {
              "client_id": "626028978306-4bumaoj7s0lr7nm4dgrtrsa2qj5s8v2o.apps.googleusercontent.com",
              "client_type": 3
            }
          ]
        }
      }
    },
    {
      "client_info": {
        "mobilesdk_app_id": "1:626028978306:android:f389efa8cfb60978e7949b",
        "android_client_info": {
          "package_name": "com.fiwic.firebase_auth_app"
        }
      },
      "oauth_client": [
        {
          "client_id": "626028978306-4bumaoj7s0lr7nm4dgrtrsa2qj5s8v2o.apps.googleusercontent.com",
          "client_type": 3
        }
      ],
      "api_key": [
        {
          "current_key": "AIzaSyDyafnGmhduTDmjeCskPc0ykS8BoxoXrK0"
        }
      ],
      "services": {
        "appinvite_service": {
          "other_platform_oauth_client": [
            {
              "client_id": "626028978306-4bumaoj7s0lr7nm4dgrtrsa2qj5s8v2o.apps.googleusercontent.com",
              "client_type": 3
            }
          ]
        }
      }
    }
  ],
  "configuration_version": "1"
}